Number,Inference, Accuracy
1,0.1904, 49.14
2,0.18205, 25.56
3,0.176858, 5.67
4,0.17083804546258388, 1.45
5, 0.16997340080065604, 0